2024-07-01T17:35:39Z,panic,quantities must match the regular expression '^([+-]?[0-9.]+)([eEinumkKMGTP]*[-+]?[0-9]*)$',main.fuzzContainerStatusObjectMutator,ExampleCoverageData
2024-07-01T17:35:39Z,panic,quantities must match the regular expression '^([+-]?[0-9.]+)([eEinumkKMGTP]*[-+]?[0-9]*)$',main.fuzzPodObjectMutator,ExampleCoverageData
2024-07-01T17:35:39Z,panic,quantities must match the regular expression '^([+-]?[0-9.]+)([eEinumkKMGTP]*[-+]?[0-9]*)$',main.fuzzContainerStatusObjectMutator,ExampleCoverageData
2024-07-01T17:35:39Z,panic,quantities must match the regular expression '^([+-]?[0-9.]+)([eEinumkKMGTP]*[-+]?[0-9]*)$',main.fuzzPodObjectMutator,ExampleCoverageData
2024-07-01T17:35:39Z,panic,quantities must match the regular expression '^([+-]?[0-9.]+)([eEinumkKMGTP]*[-+]?[0-9]*)$',main.fuzzContainerStatusObjectMutator,ExampleCoverageData
2024-07-01T17:35:39Z,panic,quantities must match the regular expression '^([+-]?[0-9.]+)([eEinumkKMGTP]*[-+]?[0-9]*)$',main.fuzzPodObjectMutator,ExampleCoverageData
2024-07-01T17:35:41Z,panic,quantities must match the regular expression '^([+-]?[0-9.]+)([eEinumkKMGTP]*[-+]?[0-9]*)$',main.fuzzContainerStatusObjectMutator,ExampleCoverageData
2024-07-01T17:35:41Z,panic,quantities must match the regular expression '^([+-]?[0-9.]+)([eEinumkKMGTP]*[-+]?[0-9]*)$',main.fuzzPodObjectMutator,ExampleCoverageData
2024-07-01T17:35:42Z,panic,quantities must match the regular expression '^([+-]?[0-9.]+)([eEinumkKMGTP]*[-+]?[0-9]*)$',main.fuzzContainerStatusObjectMutator,ExampleCoverageData
2024-07-01T17:35:42Z,panic,quantities must match the regular expression '^([+-]?[0-9.]+)([eEinumkKMGTP]*[-+]?[0-9]*)$',main.fuzzPodObjectMutator,ExampleCoverageData
2024-07-01T17:35:42Z,panic,quantities must match the regular expression '^([+-]?[0-9.]+)([eEinumkKMGTP]*[-+]?[0-9]*)$',main.fuzzContainerStatusObjectMutator,ExampleCoverageData
2024-07-01T17:35:42Z,panic,quantities must match the regular expression '^([+-]?[0-9.]+)([eEinumkKMGTP]*[-+]?[0-9]*)$',main.fuzzPodObjectMutator,ExampleCoverageData
2024-07-01T17:35:43Z,panic,quantities must match the regular expression '^([+-]?[0-9.]+)([eEinumkKMGTP]*[-+]?[0-9]*)$',main.fuzzContainerStatusObjectMutator,ExampleCoverageData
2024-07-01T17:35:43Z,panic,quantities must match the regular expression '^([+-]?[0-9.]+)([eEinumkKMGTP]*[-+]?[0-9]*)$',main.fuzzPodObjectMutator,ExampleCoverageData
2024-07-01T17:35:43Z,panic,quantities must match the regular expression '^([+-]?[0-9.]+)([eEinumkKMGTP]*[-+]?[0-9]*)$',main.fuzzContainerStatusObjectMutator,ExampleCoverageData
2024-07-01T17:35:43Z,panic,quantities must match the regular expression '^([+-]?[0-9.]+)([eEinumkKMGTP]*[-+]?[0-9]*)$',main.fuzzPodObjectMutator,ExampleCoverageData
2024-07-01T17:35:43Z,panic,quantities must match the regular expression '^([+-]?[0-9.]+)([eEinumkKMGTP]*[-+]?[0-9]*)$',main.fuzzContainerStatusObjectMutator,ExampleCoverageData
2024-07-01T17:35:43Z,panic,quantities must match the regular expression '^([+-]?[0-9.]+)([eEinumkKMGTP]*[-+]?[0-9]*)$',main.fuzzPodObjectMutator,ExampleCoverageData
2024-07-01T17:35:43Z,panic,quantities must match the regular expression '^([+-]?[0-9.]+)([eEinumkKMGTP]*[-+]?[0-9]*)$',main.fuzzContainerStatusObjectMutator,ExampleCoverageData
2024-07-01T17:35:43Z,panic,quantities must match the regular expression '^([+-]?[0-9.]+)([eEinumkKMGTP]*[-+]?[0-9]*)$',main.fuzzPodObjectMutator,ExampleCoverageData
2024-07-01T17:35:43Z,panic,quantities must match the regular expression '^([+-]?[0-9.]+)([eEinumkKMGTP]*[-+]?[0-9]*)$',main.fuzzContainerStatusObjectMutator,ExampleCoverageData
2024-07-01T17:35:43Z,panic,quantities must match the regular expression '^([+-]?[0-9.]+)([eEinumkKMGTP]*[-+]?[0-9]*)$',main.fuzzPodObjectMutator,ExampleCoverageData
2024-07-01T17:35:44Z,panic,quantities must match the regular expression '^([+-]?[0-9.]+)([eEinumkKMGTP]*[-+]?[0-9]*)$',main.fuzzContainerStatusObjectMutator,ExampleCoverageData
2024-07-01T17:35:44Z,panic,quantities must match the regular expression '^([+-]?[0-9.]+)([eEinumkKMGTP]*[-+]?[0-9]*)$',main.fuzzPodObjectMutator,ExampleCoverageData
2024-07-01T17:35:44Z,panic,quantities must match the regular expression '^([+-]?[0-9.]+)([eEinumkKMGTP]*[-+]?[0-9]*)$',main.fuzzContainerStatusObjectMutator,ExampleCoverageData
2024-07-01T17:35:44Z,panic,quantities must match the regular expression '^([+-]?[0-9.]+)([eEinumkKMGTP]*[-+]?[0-9]*)$',main.fuzzPodObjectMutator,ExampleCoverageData
2024-07-01T17:35:44Z,panic,quantities must match the regular expression '^([+-]?[0-9.]+)([eEinumkKMGTP]*[-+]?[0-9]*)$',main.fuzzContainerStatusObjectMutator,ExampleCoverageData
2024-07-01T17:35:44Z,panic,quantities must match the regular expression '^([+-]?[0-9.]+)([eEinumkKMGTP]*[-+]?[0-9]*)$',main.fuzzPodObjectMutator,ExampleCoverageData
2024-07-01T17:35:44Z,panic,quantities must match the regular expression '^([+-]?[0-9.]+)([eEinumkKMGTP]*[-+]?[0-9]*)$',main.fuzzContainerStatusObjectMutator,ExampleCoverageData
2024-07-01T17:35:44Z,panic,quantities must match the regular expression '^([+-]?[0-9.]+)([eEinumkKMGTP]*[-+]?[0-9]*)$',main.fuzzPodObjectMutator,ExampleCoverageData
2024-07-01T17:35:46Z,panic,quantities must match the regular expression '^([+-]?[0-9.]+)([eEinumkKMGTP]*[-+]?[0-9]*)$',main.fuzzContainerStatusObjectMutator,ExampleCoverageData
2024-07-01T17:35:46Z,panic,quantities must match the regular expression '^([+-]?[0-9.]+)([eEinumkKMGTP]*[-+]?[0-9]*)$',main.fuzzPodObjectMutator,ExampleCoverageData
2024-07-01T17:35:46Z,panic,quantities must match the regular expression '^([+-]?[0-9.]+)([eEinumkKMGTP]*[-+]?[0-9]*)$',main.fuzzContainerStatusObjectMutator,ExampleCoverageData
2024-07-01T17:35:46Z,panic,quantities must match the regular expression '^([+-]?[0-9.]+)([eEinumkKMGTP]*[-+]?[0-9]*)$',main.fuzzPodObjectMutator,ExampleCoverageData
2024-07-01T17:35:46Z,database_error,Failed to store pod in database: failed to marshal pod: json: error calling MarshalJSON for type *v1.FieldsV1: invalid character '#' looking for beginning of value,main.TestValidateContainerLogStatus.func1,ExampleCoverageData
2024-07-01T17:35:46Z,panic,quantities must match the regular expression '^([+-]?[0-9.]+)([eEinumkKMGTP]*[-+]?[0-9]*)$',main.fuzzContainerStatusObjectMutator,ExampleCoverageData
2024-07-01T17:35:46Z,panic,quantities must match the regular expression '^([+-]?[0-9.]+)([eEinumkKMGTP]*[-+]?[0-9]*)$',main.fuzzPodObjectMutator,ExampleCoverageData
2024-07-01T17:35:46Z,panic,quantities must match the regular expression '^([+-]?[0-9.]+)([eEinumkKMGTP]*[-+]?[0-9]*)$',main.fuzzContainerStatusObjectMutator,ExampleCoverageData
2024-07-01T17:35:46Z,panic,quantities must match the regular expression '^([+-]?[0-9.]+)([eEinumkKMGTP]*[-+]?[0-9]*)$',main.fuzzPodObjectMutator,ExampleCoverageData
2024-07-01T17:35:46Z,panic,quantities must match the regular expression '^([+-]?[0-9.]+)([eEinumkKMGTP]*[-+]?[0-9]*)$',main.fuzzContainerStatusObjectMutator,ExampleCoverageData
2024-07-01T17:35:46Z,panic,quantities must match the regular expression '^([+-]?[0-9.]+)([eEinumkKMGTP]*[-+]?[0-9]*)$',main.fuzzPodObjectMutator,ExampleCoverageData
2024-07-01T17:35:46Z,panic,quantities must match the regular expression '^([+-]?[0-9.]+)([eEinumkKMGTP]*[-+]?[0-9]*)$',main.fuzzContainerStatusObjectMutator,ExampleCoverageData
2024-07-01T17:35:46Z,panic,quantities must match the regular expression '^([+-]?[0-9.]+)([eEinumkKMGTP]*[-+]?[0-9]*)$',main.fuzzPodObjectMutator,ExampleCoverageData
2024-07-01T17:35:46Z,panic,quantities must match the regular expression '^([+-]?[0-9.]+)([eEinumkKMGTP]*[-+]?[0-9]*)$',main.fuzzContainerStatusObjectMutator,ExampleCoverageData
2024-07-01T17:35:46Z,panic,quantities must match the regular expression '^([+-]?[0-9.]+)([eEinumkKMGTP]*[-+]?[0-9]*)$',main.fuzzPodObjectMutator,ExampleCoverageData
2024-07-01T17:35:47Z,panic,quantities must match the regular expression '^([+-]?[0-9.]+)([eEinumkKMGTP]*[-+]?[0-9]*)$',main.fuzzContainerStatusObjectMutator,ExampleCoverageData
2024-07-01T17:35:47Z,panic,quantities must match the regular expression '^([+-]?[0-9.]+)([eEinumkKMGTP]*[-+]?[0-9]*)$',main.fuzzPodObjectMutator,ExampleCoverageData
2024-07-01T17:35:47Z,panic,quantities must match the regular expression '^([+-]?[0-9.]+)([eEinumkKMGTP]*[-+]?[0-9]*)$',main.fuzzContainerStatusObjectMutator,ExampleCoverageData
2024-07-01T17:35:47Z,panic,quantities must match the regular expression '^([+-]?[0-9.]+)([eEinumkKMGTP]*[-+]?[0-9]*)$',main.fuzzPodObjectMutator,ExampleCoverageData
2024-07-01T17:35:47Z,panic,quantities must match the regular expression '^([+-]?[0-9.]+)([eEinumkKMGTP]*[-+]?[0-9]*)$',main.fuzzContainerStatusObjectMutator,ExampleCoverageData
2024-07-01T17:35:47Z,panic,quantities must match the regular expression '^([+-]?[0-9.]+)([eEinumkKMGTP]*[-+]?[0-9]*)$',main.fuzzPodObjectMutator,ExampleCoverageData
2024-07-01T17:35:47Z,panic,quantities must match the regular expression '^([+-]?[0-9.]+)([eEinumkKMGTP]*[-+]?[0-9]*)$',main.fuzzContainerStatusObjectMutator,ExampleCoverageData
2024-07-01T17:35:47Z,panic,quantities must match the regular expression '^([+-]?[0-9.]+)([eEinumkKMGTP]*[-+]?[0-9]*)$',main.fuzzPodObjectMutator,ExampleCoverageData
2024-07-01T17:35:47Z,database_error,Failed to store pod in database: failed to marshal pod: json: error calling MarshalJSON for type *v1.FieldsV1: invalid character '#' looking for beginning of value,main.TestValidateContainerLogStatus.func1,ExampleCoverageData
2024-07-01T17:35:47Z,database_error,Failed to store pod in database: failed to marshal pod: json: error calling MarshalJSON for type *v1.FieldsV1: invalid character '#' looking for beginning of value,main.TestValidateContainerLogStatus.func1,ExampleCoverageData
2024-07-01T17:35:47Z,database_error,Failed to store pod in database: failed to marshal pod: json: error calling MarshalJSON for type *v1.FieldsV1: invalid character '#' looking for beginning of value,main.TestValidateContainerLogStatus.func1,ExampleCoverageData
2024-07-01T17:35:47Z,database_error,Failed to store pod in database: failed to marshal pod: json: error calling MarshalJSON for type *v1.FieldsV1: invalid character '#' looking for beginning of value,main.TestValidateContainerLogStatus.func1,ExampleCoverageData
2024-07-01T17:35:47Z,database_error,Failed to store pod in database: failed to marshal pod: json: error calling MarshalJSON for type *v1.FieldsV1: invalid character '#' looking for beginning of value,main.TestValidateContainerLogStatus.func1,ExampleCoverageData
2024-07-01T17:35:48Z,panic,quantities must match the regular expression '^([+-]?[0-9.]+)([eEinumkKMGTP]*[-+]?[0-9]*)$',main.fuzzContainerStatusObjectMutator,ExampleCoverageData
2024-07-01T17:35:48Z,panic,quantities must match the regular expression '^([+-]?[0-9.]+)([eEinumkKMGTP]*[-+]?[0-9]*)$',main.fuzzPodObjectMutator,ExampleCoverageData
2024-07-01T17:35:48Z,panic,quantities must match the regular expression '^([+-]?[0-9.]+)([eEinumkKMGTP]*[-+]?[0-9]*)$',main.fuzzContainerStatusObjectMutator,ExampleCoverageData
2024-07-01T17:35:48Z,panic,quantities must match the regular expression '^([+-]?[0-9.]+)([eEinumkKMGTP]*[-+]?[0-9]*)$',main.fuzzPodObjectMutator,ExampleCoverageData
2024-07-01T17:35:48Z,panic,quantities must match the regular expression '^([+-]?[0-9.]+)([eEinumkKMGTP]*[-+]?[0-9]*)$',main.fuzzContainerStatusObjectMutator,ExampleCoverageData
2024-07-01T17:35:48Z,panic,quantities must match the regular expression '^([+-]?[0-9.]+)([eEinumkKMGTP]*[-+]?[0-9]*)$',main.fuzzPodObjectMutator,ExampleCoverageData
2024-07-01T17:35:48Z,panic,quantities must match the regular expression '^([+-]?[0-9.]+)([eEinumkKMGTP]*[-+]?[0-9]*)$',main.fuzzContainerStatusObjectMutator,ExampleCoverageData
2024-07-01T17:35:48Z,panic,quantities must match the regular expression '^([+-]?[0-9.]+)([eEinumkKMGTP]*[-+]?[0-9]*)$',main.fuzzPodObjectMutator,ExampleCoverageData
2024-07-01T17:35:48Z,panic,quantities must match the regular expression '^([+-]?[0-9.]+)([eEinumkKMGTP]*[-+]?[0-9]*)$',main.fuzzContainerStatusObjectMutator,ExampleCoverageData
2024-07-01T17:35:48Z,panic,quantities must match the regular expression '^([+-]?[0-9.]+)([eEinumkKMGTP]*[-+]?[0-9]*)$',main.fuzzPodObjectMutator,ExampleCoverageData
2024-07-01T17:35:48Z,database_error,Failed to store pod in database: failed to marshal pod: json: error calling MarshalJSON for type *v1.FieldsV1: invalid character '\x10' looking for beginning of value,main.TestValidateContainerLogStatus.func1,ExampleCoverageData
2024-07-01T17:35:48Z,panic,quantities must match the regular expression '^([+-]?[0-9.]+)([eEinumkKMGTP]*[-+]?[0-9]*)$',main.fuzzContainerStatusObjectMutator,ExampleCoverageData
2024-07-01T17:35:48Z,panic,quantities must match the regular expression '^([+-]?[0-9.]+)([eEinumkKMGTP]*[-+]?[0-9]*)$',main.fuzzPodObjectMutator,ExampleCoverageData
2024-07-01T17:35:48Z,panic,quantities must match the regular expression '^([+-]?[0-9.]+)([eEinumkKMGTP]*[-+]?[0-9]*)$',main.fuzzContainerStatusObjectMutator,ExampleCoverageData
2024-07-01T17:35:48Z,panic,quantities must match the regular expression '^([+-]?[0-9.]+)([eEinumkKMGTP]*[-+]?[0-9]*)$',main.fuzzPodObjectMutator,ExampleCoverageData
2024-07-01T17:35:48Z,panic,quantities must match the regular expression '^([+-]?[0-9.]+)([eEinumkKMGTP]*[-+]?[0-9]*)$',main.fuzzContainerStatusObjectMutator,ExampleCoverageData
2024-07-01T17:35:48Z,panic,quantities must match the regular expression '^([+-]?[0-9.]+)([eEinumkKMGTP]*[-+]?[0-9]*)$',main.fuzzPodObjectMutator,ExampleCoverageData
2024-07-01T17:35:49Z,panic,quantities must match the regular expression '^([+-]?[0-9.]+)([eEinumkKMGTP]*[-+]?[0-9]*)$',main.fuzzContainerStatusObjectMutator,ExampleCoverageData
2024-07-01T17:35:49Z,panic,quantities must match the regular expression '^([+-]?[0-9.]+)([eEinumkKMGTP]*[-+]?[0-9]*)$',main.fuzzPodObjectMutator,ExampleCoverageData
2024-07-01T17:35:49Z,panic,quantities must match the regular expression '^([+-]?[0-9.]+)([eEinumkKMGTP]*[-+]?[0-9]*)$',main.fuzzContainerStatusObjectMutator,ExampleCoverageData
2024-07-01T17:35:49Z,panic,quantities must match the regular expression '^([+-]?[0-9.]+)([eEinumkKMGTP]*[-+]?[0-9]*)$',main.fuzzPodObjectMutator,ExampleCoverageData
2024-07-01T17:35:49Z,panic,quantities must match the regular expression '^([+-]?[0-9.]+)([eEinumkKMGTP]*[-+]?[0-9]*)$',main.fuzzContainerStatusObjectMutator,ExampleCoverageData
2024-07-01T17:35:49Z,panic,quantities must match the regular expression '^([+-]?[0-9.]+)([eEinumkKMGTP]*[-+]?[0-9]*)$',main.fuzzPodObjectMutator,ExampleCoverageData
2024-07-01T17:35:50Z,panic,quantities must match the regular expression '^([+-]?[0-9.]+)([eEinumkKMGTP]*[-+]?[0-9]*)$',main.fuzzContainerStatusObjectMutator,ExampleCoverageData
2024-07-01T17:35:50Z,panic,quantities must match the regular expression '^([+-]?[0-9.]+)([eEinumkKMGTP]*[-+]?[0-9]*)$',main.fuzzPodObjectMutator,ExampleCoverageData
2024-07-01T17:35:50Z,panic,quantities must match the regular expression '^([+-]?[0-9.]+)([eEinumkKMGTP]*[-+]?[0-9]*)$',main.fuzzContainerStatusObjectMutator,ExampleCoverageData
2024-07-01T17:35:50Z,panic,quantities must match the regular expression '^([+-]?[0-9.]+)([eEinumkKMGTP]*[-+]?[0-9]*)$',main.fuzzPodObjectMutator,ExampleCoverageData
2024-07-01T17:35:51Z,panic,quantities must match the regular expression '^([+-]?[0-9.]+)([eEinumkKMGTP]*[-+]?[0-9]*)$',main.fuzzContainerStatusObjectMutator,ExampleCoverageData
2024-07-01T17:35:51Z,panic,quantities must match the regular expression '^([+-]?[0-9.]+)([eEinumkKMGTP]*[-+]?[0-9]*)$',main.fuzzPodObjectMutator,ExampleCoverageData
2024-07-01T17:35:51Z,panic,quantities must match the regular expression '^([+-]?[0-9.]+)([eEinumkKMGTP]*[-+]?[0-9]*)$',main.fuzzContainerStatusObjectMutator,ExampleCoverageData
2024-07-01T17:35:51Z,panic,quantities must match the regular expression '^([+-]?[0-9.]+)([eEinumkKMGTP]*[-+]?[0-9]*)$',main.fuzzPodObjectMutator,ExampleCoverageData
2024-07-01T17:35:51Z,panic,quantities must match the regular expression '^([+-]?[0-9.]+)([eEinumkKMGTP]*[-+]?[0-9]*)$',main.fuzzContainerStatusObjectMutator,ExampleCoverageData
2024-07-01T17:35:51Z,panic,quantities must match the regular expression '^([+-]?[0-9.]+)([eEinumkKMGTP]*[-+]?[0-9]*)$',main.fuzzPodObjectMutator,ExampleCoverageData
2024-07-01T17:35:51Z,panic,quantities must match the regular expression '^([+-]?[0-9.]+)([eEinumkKMGTP]*[-+]?[0-9]*)$',main.fuzzContainerStatusObjectMutator,ExampleCoverageData
2024-07-01T17:35:51Z,panic,quantities must match the regular expression '^([+-]?[0-9.]+)([eEinumkKMGTP]*[-+]?[0-9]*)$',main.fuzzPodObjectMutator,ExampleCoverageData
2024-07-01T17:35:51Z,panic,quantities must match the regular expression '^([+-]?[0-9.]+)([eEinumkKMGTP]*[-+]?[0-9]*)$',main.fuzzContainerStatusObjectMutator,ExampleCoverageData
2024-07-01T17:35:51Z,panic,quantities must match the regular expression '^([+-]?[0-9.]+)([eEinumkKMGTP]*[-+]?[0-9]*)$',main.fuzzPodObjectMutator,ExampleCoverageData
2024-07-01T17:35:52Z,database_error,Failed to store pod in database: failed to marshal pod: json: error calling MarshalJSON for type *v1.FieldsV1: invalid character '#' looking for beginning of value,main.TestValidateContainerLogStatus.func1,ExampleCoverageData
2024-07-01T17:35:52Z,database_error,Failed to store pod in database: failed to marshal pod: json: error calling MarshalJSON for type *v1.FieldsV1: invalid character '#' looking for beginning of value,main.TestValidateContainerLogStatus.func1,ExampleCoverageData
2024-07-01T17:35:52Z,database_error,Failed to store pod in database: failed to marshal pod: json: error calling MarshalJSON for type *v1.FieldsV1: invalid character '#' looking for beginning of value,main.TestValidateContainerLogStatus.func1,ExampleCoverageData
2024-07-01T17:35:52Z,database_error,Failed to store pod in database: failed to marshal pod: json: error calling MarshalJSON for type *v1.FieldsV1: invalid character '#' looking for beginning of value,main.TestValidateContainerLogStatus.func1,ExampleCoverageData
2024-07-01T17:35:53Z,panic,quantities must match the regular expression '^([+-]?[0-9.]+)([eEinumkKMGTP]*[-+]?[0-9]*)$',main.fuzzContainerStatusObjectMutator,ExampleCoverageData
2024-07-01T17:35:53Z,panic,quantities must match the regular expression '^([+-]?[0-9.]+)([eEinumkKMGTP]*[-+]?[0-9]*)$',main.fuzzPodObjectMutator,ExampleCoverageData
2024-07-01T17:35:53Z,panic,quantities must match the regular expression '^([+-]?[0-9.]+)([eEinumkKMGTP]*[-+]?[0-9]*)$',main.fuzzContainerStatusObjectMutator,ExampleCoverageData
2024-07-01T17:35:53Z,panic,quantities must match the regular expression '^([+-]?[0-9.]+)([eEinumkKMGTP]*[-+]?[0-9]*)$',main.fuzzPodObjectMutator,ExampleCoverageData
2024-07-01T17:35:53Z,panic,quantities must match the regular expression '^([+-]?[0-9.]+)([eEinumkKMGTP]*[-+]?[0-9]*)$',main.fuzzContainerStatusObjectMutator,ExampleCoverageData
2024-07-01T17:35:53Z,panic,quantities must match the regular expression '^([+-]?[0-9.]+)([eEinumkKMGTP]*[-+]?[0-9]*)$',main.fuzzPodObjectMutator,ExampleCoverageData
2024-07-01T17:35:53Z,panic,quantities must match the regular expression '^([+-]?[0-9.]+)([eEinumkKMGTP]*[-+]?[0-9]*)$',main.fuzzContainerStatusObjectMutator,ExampleCoverageData
2024-07-01T17:35:53Z,panic,quantities must match the regular expression '^([+-]?[0-9.]+)([eEinumkKMGTP]*[-+]?[0-9]*)$',main.fuzzPodObjectMutator,ExampleCoverageData
2024-07-01T17:35:53Z,panic,quantities must match the regular expression '^([+-]?[0-9.]+)([eEinumkKMGTP]*[-+]?[0-9]*)$',main.fuzzContainerStatusObjectMutator,ExampleCoverageData
2024-07-01T17:35:53Z,panic,quantities must match the regular expression '^([+-]?[0-9.]+)([eEinumkKMGTP]*[-+]?[0-9]*)$',main.fuzzPodObjectMutator,ExampleCoverageData
2024-07-01T17:35:55Z,panic,quantities must match the regular expression '^([+-]?[0-9.]+)([eEinumkKMGTP]*[-+]?[0-9]*)$',main.fuzzContainerStatusObjectMutator,ExampleCoverageData
2024-07-01T17:35:55Z,panic,quantities must match the regular expression '^([+-]?[0-9.]+)([eEinumkKMGTP]*[-+]?[0-9]*)$',main.fuzzPodObjectMutator,ExampleCoverageData
2024-07-01T17:35:55Z,panic,quantities must match the regular expression '^([+-]?[0-9.]+)([eEinumkKMGTP]*[-+]?[0-9]*)$',main.fuzzContainerStatusObjectMutator,ExampleCoverageData
2024-07-01T17:35:55Z,panic,quantities must match the regular expression '^([+-]?[0-9.]+)([eEinumkKMGTP]*[-+]?[0-9]*)$',main.fuzzPodObjectMutator,ExampleCoverageData
2024-07-01T17:35:55Z,panic,quantities must match the regular expression '^([+-]?[0-9.]+)([eEinumkKMGTP]*[-+]?[0-9]*)$',main.fuzzContainerStatusObjectMutator,ExampleCoverageData
2024-07-01T17:35:55Z,panic,quantities must match the regular expression '^([+-]?[0-9.]+)([eEinumkKMGTP]*[-+]?[0-9]*)$',main.fuzzPodObjectMutator,ExampleCoverageData
2024-07-01T17:35:55Z,panic,quantities must match the regular expression '^([+-]?[0-9.]+)([eEinumkKMGTP]*[-+]?[0-9]*)$',main.fuzzContainerStatusObjectMutator,ExampleCoverageData
2024-07-01T17:35:55Z,panic,quantities must match the regular expression '^([+-]?[0-9.]+)([eEinumkKMGTP]*[-+]?[0-9]*)$',main.fuzzPodObjectMutator,ExampleCoverageData
